/2025/01/arc-bookmarks-export.html /posts/arc-bookmarks-export/ 301
/2024/12/googlepixel-to-iphone.html /posts/googlepixel-to-iphone/ 301
/2024/10/how-to-write-journal-everyday.html /posts/how-to-write-journal-everyday/ 301
/2024/10/android-arc-search-beta.html /posts/android-arc-search-beta/ 301
/2024/08/switch-to-quest-hdmi-link.html /posts/switch-to-quest-hdmi-link/ 301
/2024/07/pixel-watch-freeze-restart.html /posts/pixel-watch-freeze-restart/ 301
/2024/06/apple-intelligence-thoughts.html /posts/apple-intelligence-thoughts/ 301
/2024/04/copilot-edge-ai.html /posts/copilot-edge-ai/ 301
/2024/04/microsoft-autofill.html /posts/microsoft-autofill/ 301
/2024/02/snapshot-googlepixel.html /posts/snapshot-googlepixel/ 301
/2024/01/sony-a7ii-review.html /posts/sony-a7ii-review/ 301
/2023/08/biccamera-suica-card-review.html /posts/biccamera-suica-card-review/ 301
/2023/07/old-lens-minolta-mc55mm.html /posts/old-lens-minolta-mc55mm/ 301
/2023/06/system-file-checker.html /posts/system-file-checker/ 301
/2023/05/ipadmini-review.html /posts/ipadmini-review/ 301
/2023/05/nothing-ear2-review-1month.html /posts/nothing-ear2-review-1month/ 301
/2023/04/notion-optimization-school-life.html /posts/notion-optimization-school-life/ 301
/2023/04/felica-reset.html /posts/felica-reset/ 301
/2023/03/olive.html /posts/olive/ 301
/2023/03/monorawg.html /posts/monorawg/ 301
/2023/02/sony-7-ii-tamron-28-200-f28-56-di-iii.html /posts/sony-7-ii-tamron-28-200-f28-56-di-iii/ 301
/2023/01/quietcomfort-45-review.html /posts/quietcomfort-45-review/ 301
/2023/01/alfa-7m2.html /posts/alfa-7m2/ 301
/2022/12/pixel-7pro-camera.html /posts/pixel-7pro-camera/ 301
/2022/12/pixel-7pro-review.html /posts/pixel-7pro-review/ 301